{
  "name": "Portenta_H7_TimerInterrupt",
  "version": "1.4.0",
  "keywords": "timing, device, control, timer, pwm, interrupt, isr, isr-based, hardware-timer, mission-critical, accuracy, non-blocking, mbed, mbed-portenta, portenta-h7, portentah7, portenta-h7-m7, portenta-h7-m4, portentah7-m7, portentah7-m4, stm32h7, stm32, precise, hardware",
  "description": "This library enables you to use Interrupt from Hardware Timers on an STM32H7-based Portenta_H7 board. It now supports 16 ISR-based timers, while consuming only 1 Hardware Timer. Timers' interval is very long (ulong millisecs). The most important feature is they're ISR-based timers. Therefore, their executions are not blocked by bad-behaving functions or tasks. This important feature is absolutely necessary for mission-critical tasks. These hardware timers, using interrupt, still work even if other functions are blocking. Moreover, they are much more precise (certainly depending on clock frequency accuracy) than other software timers using millis() or micros(). That's necessary if you need to measure some data requiring better accuracy. PWM feature can now be used",
  "authors":
  {
    "name":  "Khoi Hoang",
    "url":   "https://github.com/khoih-prog",
    "maintainer": true
  },
  "repository":
  {
    "type": "git",
    "url": "//https://github.com/khoih-prog/Portenta_H7_TimerInterrupt"
  },
  "homepage": "https://github.com/khoih-prog/Portenta_H7_TimerInterrupt",
  "export": {
    "exclude": [
      "linux",
      "extras",
      "tests"
    ]
  },
  "license": "MIT",
  "frameworks": "*",
  "platforms": "mbed_portenta",
  "examples": "examples/*/*/*.ino",
  "headers": ["Portenta_H7_TimerInterrupt.h", "Portenta_H7_ISR_Timer.h", "Portenta_H7_ISR_Timer.hpp"]
}
